cf_jpeg.CtrlSieve_jpeg.mDupDuplex_1;1;2;3;4;5;6;7
cf_jpeg.DuplexVoter_jpeg.mDuplexTOSnk_1;1;2;3;4;5;6;7
cf_jpeg.DuplexVoter_jpeg.mIdct2D.mBlock2Row_1;1;2;3;4;5;6;7
cf_jpeg.InvQuant_jpeg.CtrlSieve_1;1;2;3;4;5;6;7
cf_jpeg.InvZigZag1_jpeg.DuplexVoter_1;1;2;3;4;5;6;7
cf_jpeg.InvZigZag2_jpeg.DuplexVoter_1;1;2;3;4;5;6;7
cf_jpeg.mDcDecoding1_jpeg.mTriplexVoter_1;1;2;3;4;5;6;7
cf_jpeg.mDcDecoding2_jpeg.mTriplexVoter_1;1;2;3;4;5;6;7
cf_jpeg.mDcDecoding3_jpeg.mTriplexVoter_1;1;2;3;4;5;6;7
cf_jpeg.mDupDuplex_jpeg.InvZigZag1_1;1;2;3;4;5;6;7
cf_jpeg.mDupDuplex_jpeg.InvZigZag2_1;1;2;3;4;5;6;7
cf_jpeg.mDup_jpeg.mPGMsink_1;1;2;3;4;5;6;7
cf_jpeg.mDup_jpeg.Shuffle_1;1;2;3;4;5;6;7
cf_jpeg.mDuplexTOSrc_jpeg.DuplexVoter_1;1;2;3;4;5;6;7
cf_jpeg.mDupTriplex1_jpeg.mDcDecoding1_1;1;2;3;4;5;6;7
cf_jpeg.mDupTriplex1_jpeg.mDupTriplex2_1;1;2;3;4;5;6;7
cf_jpeg.mDupTriplex2_jpeg.mDcDecoding2_1;1;2;3;4;5;6;7
cf_jpeg.mDupTriplex2_jpeg.mDcDecoding3_1;1;2;3;4;5;6;7
cf_jpeg.mHuffDecoder.mHuffTblDecoder_jpeg.mHuffDecoder.mInvHuffman_1;1;2;3;4;5;6;7
cf_jpeg.mHuffDecoder.mHuffTblDecoder_jpeg.mHuffDecoder.mInvHuffman_2;1;2;3;4;5;6;7
cf_jpeg.mHuffDecoder.mHuffTblDecoder_jpeg.mHuffDecoder.mInvHuffman_3;1;2;3;4;5;6;7
cf_jpeg.mHuffDecoder.mHuffTblDecoder_jpeg.mHuffDecoder.mInvHuffman_4;1;2;3;4;5;6;7
cf_jpeg.mHuffDecoder.mInvHuffman_jpeg.mInvZrl_1;1;2;3;4;5;6;7
cf_jpeg.mIdct2D.mBlock2Row_jpeg.mIdct2D.mIdctRow_1;1;2;3;4;5;6;7
cf_jpeg.mIdct2D.mBlock2Row_jpeg.mIdct2D.mIdctRow_2;1;2;3;4;5;6;7
cf_jpeg.mIdct2D.mBlock2Row_jpeg.mIdct2D.mIdctRow_3;1;2;3;4;5;6;7
cf_jpeg.mIdct2D.mBlock2Row_jpeg.mIdct2D.mIdctRow_4;1;2;3;4;5;6;7
cf_jpeg.mIdct2D.mBlock2Row_jpeg.mIdct2D.mIdctRow_5;1;2;3;4;5;6;7
cf_jpeg.mIdct2D.mBlock2Row_jpeg.mIdct2D.mIdctRow_6;1;2;3;4;5;6;7
cf_jpeg.mIdct2D.mBlock2Row_jpeg.mIdct2D.mIdctRow_7;1;2;3;4;5;6;7
cf_jpeg.mIdct2D.mBlock2Row_jpeg.mIdct2D.mIdctRow_8;1;2;3;4;5;6;7
cf_jpeg.mIdct2D.mCol2Block_jpeg.mIdct2D.mRangeAdj_1;1;2;3;4;5;6;7
cf_jpeg.mIdct2D.mIdctCol_jpeg.mIdct2D.mCol2Block_1;1;2;3;4;5;6;7
cf_jpeg.mIdct2D.mIdctCol_jpeg.mIdct2D.mCol2Block_2;1;2;3;4;5;6;7
cf_jpeg.mIdct2D.mIdctCol_jpeg.mIdct2D.mCol2Block_3;1;2;3;4;5;6;7
cf_jpeg.mIdct2D.mIdctCol_jpeg.mIdct2D.mCol2Block_4;1;2;3;4;5;6;7
cf_jpeg.mIdct2D.mIdctCol_jpeg.mIdct2D.mCol2Block_5;1;2;3;4;5;6;7
cf_jpeg.mIdct2D.mIdctCol_jpeg.mIdct2D.mCol2Block_6;1;2;3;4;5;6;7
cf_jpeg.mIdct2D.mIdctCol_jpeg.mIdct2D.mCol2Block_7;1;2;3;4;5;6;7
cf_jpeg.mIdct2D.mIdctCol_jpeg.mIdct2D.mCol2Block_8;1;2;3;4;5;6;7
cf_jpeg.mIdct2D.mIdctRow_jpeg.mIdct2D.mTranspose_1;1;2;3;4;5;6;7
cf_jpeg.mIdct2D.mIdctRow_jpeg.mIdct2D.mTranspose_2;1;2;3;4;5;6;7
cf_jpeg.mIdct2D.mIdctRow_jpeg.mIdct2D.mTranspose_3;1;2;3;4;5;6;7
cf_jpeg.mIdct2D.mIdctRow_jpeg.mIdct2D.mTranspose_4;1;2;3;4;5;6;7
cf_jpeg.mIdct2D.mIdctRow_jpeg.mIdct2D.mTranspose_5;1;2;3;4;5;6;7
cf_jpeg.mIdct2D.mIdctRow_jpeg.mIdct2D.mTranspose_6;1;2;3;4;5;6;7
cf_jpeg.mIdct2D.mIdctRow_jpeg.mIdct2D.mTranspose_7;1;2;3;4;5;6;7
cf_jpeg.mIdct2D.mIdctRow_jpeg.mIdct2D.mTranspose_8;1;2;3;4;5;6;7
cf_jpeg.mIdct2D.mRangeAdj_jpeg.Shuffle_1;1;2;3;4;5;6;7
cf_jpeg.mIdct2D.mTranspose_jpeg.mIdct2D.mIdctCol_1;1;2;3;4;5;6;7
cf_jpeg.mIdct2D.mTranspose_jpeg.mIdct2D.mIdctCol_2;1;2;3;4;5;6;7
cf_jpeg.mIdct2D.mTranspose_jpeg.mIdct2D.mIdctCol_3;1;2;3;4;5;6;7
cf_jpeg.mIdct2D.mTranspose_jpeg.mIdct2D.mIdctCol_4;1;2;3;4;5;6;7
cf_jpeg.mIdct2D.mTranspose_jpeg.mIdct2D.mIdctCol_5;1;2;3;4;5;6;7
cf_jpeg.mIdct2D.mTranspose_jpeg.mIdct2D.mIdctCol_6;1;2;3;4;5;6;7
cf_jpeg.mIdct2D.mTranspose_jpeg.mIdct2D.mIdctCol_7;1;2;3;4;5;6;7
cf_jpeg.mIdct2D.mTranspose_jpeg.mIdct2D.mIdctCol_8;1;2;3;4;5;6;7
cf_jpeg.mInvZrl_jpeg.mDupTriplex1_1;1;2;3;4;5;6;7
cf_jpeg.mParser_jpeg.InvQuant_1;1;2;3;4;5;6;7
cf_jpeg.mParser_jpeg.InvQuant_2;1;2;3;4;5;6;7
cf_jpeg.mParser_jpeg.InvQuant_3;1;2;3;4;5;6;7
cf_jpeg.mParser_jpeg.InvQuant_4;1;2;3;4;5;6;7
cf_jpeg.mParser_jpeg.mDup_1;1;2;3;4;5;6;7
cf_jpeg.mParser_jpeg.mHuffDecoder.mHuffTblDecoder_1;1;2;3;4;5;6;7
cf_jpeg.mParser_jpeg.mHuffDecoder.mInvHuffman_1;1;2;3;4;5;6;7
cf_jpeg.mSrc_jpeg.mParser_1;1;2;3;4;5;6;7
cf_jpeg.mTriplexTOSrc_jpeg.mTriplexVoter_1;1;2;3;4;5;6;7
cf_jpeg.mTriplexVoter_jpeg.InvQuant_1;1;2;3;4;5;6;7
cf_jpeg.mTriplexVoter_jpeg.mTriplexTOSnk_1;1;2;3;4;5;6;7
cf_jpeg.mYCbCr_jpeg.mPGMsink_1;1;2;3;4;5;6;7
cf_jpeg.Shuffle_jpeg.mYCbCr_1;1;2;3;4;5;6;7
